Metric,Score
Fairness,0.058653500198877405
Coverage,0.43570462398471704
Novelty,0.919814
